{"p2-2": [[853, 65, true], [683, 63, true, 0], [780, 67, false, 0], [802.796875, 108.96875, false, 0], [783.875, 204.75, false, 0], [763.265625, 300.15625, false, 0], [781.0, 341.0, false, 0], [855, 340, false, 0]], "p4-2": [[854, 258, true], [703, 256, true, 0], [711, 280, true, 0], [700, 308, true, 0], [681, 316, true, 0], [714, 339, true, 0]], "p1-2": [[854, 432, true], [490, 434, true, 0]], "a": [[393, 403, true], [577, 272, true, 0], [409, 165, true, 0]], "p-test": [[338, 438, true], [365.9722222222223, 413.47222222222223, true, 0], [392.55555555555566, 385.88888888888897, true, 0], [417.75, 355.25, true, 0], [441.55555555555554, 321.55555555555554, true, 0], [463.97222222222223, 284.80555555555554, true, 0], [485.0, 245.0, true, 0], [485, 245, true, 0], [474.47222222222223, 245.22222222222226, true, 0], [464.88888888888897, 243.8888888888889, true, 0], [456.25, 241.0, true, 0], [448.5555555555556, 236.55555555555554, true, 0], [441.80555555555554, 230.55555555555554, true, 0], [436.0, 223.0, true, 0], [436, 223, true, 0], [457.3379629629631, 227.18518518518525, true, 0], [475.7037037037038, 228.48148148148152, true, 0], [490.125, 226.5, true, 0], [499.6296296296297, 220.85185185185185, true, 0], [503.2453703703703, 211.14814814814815, true, 0], [500.0, 197.0, true, 0], [500, 197, true, 0], [495.7500000000001, 187.36111111111114, true, 0], [490.33333333333337, 179.7777777777778, true, 0], [483.75, 174.25, true, 0], [476.0, 170.77777777777777, true, 0], [467.08333333333337, 169.36111111111111, true, 0], [457.0, 170.0, true, 0], [457, 170, true, 0]]}
