{"p2-2": [[853, 65, true], [683, 63, true, 0], [780, 67, false, 0], [802.796875, 108.96875, false, 0], [783.875, 204.75, false, 0], [763.265625, 300.15625, false, 0], [781.0, 341.0, false, 0], [855, 340, false, 0]], "p4-2": [[854, 258, true], [703, 256, true, 0], [711, 280, true, 0], [700, 308, true, 0], [681, 316, true, 0], [714, 339, true, 0]], "p1-2": [[854, 432, true], [490, 434, true, 0]]}
