{"b": [[330, 91, true], [532, 193, true], [330, 419, true], [189, 119, true]], "a": [[646, 309, true], [545, 273, true]], "c": [[277, 91, true], [576, 229, true], [416, 370, true], [157, 256, true]], "p1-1": [[336, 126, true], [394.078125, 138.15625, true], [413.625, 120.5, true], [423.609375, 93.09375, true], [453.0, 76.0, true], [501, 74, true], [714, 76, true]], "p2-1": [[336, 432, true], [506, 431, true], [477.4244384765625, 388.1430969238281, true], [427.34375, 364.8828125, true], [379.4752197265625, 344.3950500488281, true], [348.0, 307.0, true], [338, 264, true]]}