{"p2-2": [[853, 65, true], [683, 63, true, 0], [780, 67, false, 0], [802.796875, 108.96875, false, 0], [783.875, 204.75, false, 0], [763.265625, 300.15625, false, 0], [781.0, 341.0, false, 0], [855, 340, false, 0]], "p4-2": [[854, 258, true], [703, 256, true, 0], [711, 280, true, 0], [700, 308, true, 0], [681, 316, true, 0], [714, 339, true, 0]], "p1-2": [[854, 432, true], [490, 434, true, 0]], "p1-1": [[337, 128, true], [354.5, 112.91666666666667, true, 0], [375.6666666666667, 100.33333333333334, true, 0], [400.5, 90.25, true, 0], [429.0, 82.66666666666667, true, 0], [461.16666666666663, 77.58333333333334, true, 0], [497.0, 75.0, true, 0], [686, 76, true, 0]], "p3-3": [[338, 206, true], [381.67129629629636, 185.10648148148152, true, 0], [410.70370370370375, 161.51851851851856, true, 0], [431.125, 136.875, true, 0], [448.96296296296293, 112.81481481481482, true, 0], [470.2453703703703, 90.97685185185185, true, 0], [501.0, 73.0, true, 0], [682, 76, true, 0]], "p4-1": [[338, 336, true], [381.6296296296297, 325.95833333333337, true, 0], [411.3703703703705, 312.33333333333337, true, 0], [431.5, 297.375, true, 0], [446.2962962962963, 283.3333333333333, true, 0], [460.037037037037, 272.4583333333333, true, 0], [477.0, 267.0, true, 0], [477, 267, true, 0], [482.08333333333337, 259.3888888888889, true, 0], [484.6666666666667, 252.55555555555557, true, 0], [484.75, 246.5, true, 0], [482.33333333333337, 241.22222222222223, true, 0], [477.41666666666663, 236.72222222222223, true, 0], [470.0, 233.0, true, 0], [443, 228, true, 0], [458.81944444444457, 232.6157407407408, true, 0], [473.55555555555566, 230.59259259259264, true, 0], [486.125, 223.625, true, 0], [495.44444444444446, 213.40740740740742, true, 0], [500.43055555555554, 201.63425925925924, true, 0], [500.0, 190.0, true, 0], [470, 168, true, 0]], "p6-3": [[340, 101, true], [378.0833333333334, 111.00000000000001, true, 0], [411.66666666666674, 123.00000000000003, true, 0], [440.75, 137.0, true, 0], [465.33333333333337, 153.0, true, 0], [485.41666666666663, 171.0, true, 0], [501.0, 191.0, true, 0], [496.0015432098767, 237.19212962962965, true, 0], [492.9135802469137, 236.44444444444449, true, 0], [481.125, 238.5625, true, 0], [465.7283950617284, 239.07407407407405, true, 0], [450.52006172839504, 233.22916666666669, true, 0], [438.0, 216.0, true, 0], [422, 213, true, 0]], "p6-1": [[338, 162, true], [369.3611111111112, 172.64351851851856, true, 0], [393.55555555555566, 193.81481481481484, true, 0], [413.75, 218.375, true, 0], [433.1111111111111, 239.1851851851852, true, 0], [454.80555555555554, 249.1064814814815, true, 0], [482.0, 241.0, true, 0], [484, 239, true, 0], [497.0277777777778, 235.25000000000003, true, 0], [506.1111111111112, 230.0, true, 0], [511.25, 223.25, true, 0], [512.4444444444445, 215.0, true, 0], [509.69444444444446, 205.25, true, 0], [503.0, 194.0, true, 0], [503, 194, true, 0], [495.35185185185196, 178.2592592592593, true, 0], [485.48148148148164, 169.7407407407408, true, 0], [475.0, 166.5, true, 0], [465.51851851851853, 166.5925925925926, true, 0], [458.64814814814815, 168.07407407407408, true, 0], [456.0, 169.0, true, 0], [456, 170, true, 0]], "p6-2": [[337, 258, true], [361.86111111111114, 256.72222222222223, true, 0], [386.44444444444446, 254.8888888888889, true, 0], [410.75, 252.5, true, 0], [434.77777777777777, 249.55555555555554, true, 0], [458.52777777777777, 246.05555555555554, true, 0], [482.0, 242.0, true, 0], [482, 242, true, 0], [488.3055555555556, 235.50000000000003, true, 0], [493.2222222222223, 228.66666666666669, true, 0], [496.75, 221.5, true, 0], [498.8888888888889, 214.0, true, 0], [499.6388888888889, 206.16666666666669, true, 0], [499.0, 198.0, true, 0], [499, 198, true, 0], [491.99537037037044, 182.61111111111114, true, 0], [482.96296296296316, 171.8888888888889, true, 0], [473.375, 165.0, true, 0], [464.7037037037037, 161.11111111111111, true, 0], [458.4212962962963, 159.38888888888889, true, 0], [456.0, 159.0, true, 0], [456, 160, true, 0]], "p5-1": [[338, 164, true], [370.0370370370371, 184.08333333333337, true, 0], [397.962962962963, 218.6666666666667, true, 0], [424.5, 259.25, true, 0], [452.3703703703704, 297.33333333333337, true, 0], [484.2962962962963, 324.41666666666663, true, 0], [523.0, 332.0, true, 0], [523, 332, true, 0], [707, 268, true, 0], [696.6111111111111, 261.4166666666667, true, 0], [682.7777777777778, 252.33333333333337, true, 0], [665.5, 240.75, true, 0], [644.7777777777778, 226.66666666666669, true, 0], [620.6111111111111, 210.08333333333334, true, 0], [593.0, 191.0, true, 0], [594, 193, true, 0], [580.1018518518518, 180.56944444444446, true, 0], [564.814814814815, 178.5555555555556, true, 0], [548.75, 182.875, true, 0], [532.5185185185185, 189.44444444444443, true, 0], [516.7314814814815, 194.18055555555554, true, 0], [502.0, 193.0, true, 0], [502, 193, true, 0]], "p5-2": [[338, 94, true], [377.68055555555566, 133.7399691358025, true, 0], [382.4444444444445, 153.8024691358025, true, 0], [405.125, 200.9375, true, 0], [437.55555555555554, 259.5432098765432, true, 0], [474.5694444444444, 308.6658950617284, true, 0], [514.0, 322.0, true, 0], [514, 322, true, 0], [707, 262, true, 0], [665.0833333333335, 244.5231481481482, true, 0], [622.3333333333335, 233.8518518518519, true, 0], [581.75, 226.625, true, 0], [546.3333333333334, 219.48148148148147, true, 0], [519.0833333333334, 209.06018518518516, true, 0], [503.0, 192.0, true, 0], [503, 190, true, 0]], "p5-3": [[338, 258, true], [380.12962962962973, 270.24537037037044, true, 0], [415.37037037037044, 287.2962962962963, true, 0], [445.0, 305.125, true, 0], [470.2962962962963, 319.7037037037037, true, 0], [492.537037037037, 327.00462962962956, true, 0], [513.0, 323.0, true, 0], [513, 323, true, 0], [711, 262, true, 0], [694.3333333333334, 261.44444444444446, true, 0], [678.3333333333335, 259.7777777777778, true, 0], [663.0, 257.0, true, 0], [648.3333333333334, 253.11111111111111, true, 0], [634.3333333333334, 248.11111111111111, true, 0], [621.0, 242.0, true, 0], [621, 242, true, 0], [502, 195, true, 0]], "p1-3": [[336, 205, true], [388.6944444444445, 196.36111111111114, true, 0], [413.88888888888897, 173.22222222222223, true, 0], [422.25, 142.75, true, 0], [424.44444444444446, 112.11111111111113, true, 0], [431.1388888888888, 88.47222222222223, true, 0], [453.0, 79.0, true, 0], [684, 77, true, 0]]}
