{"b": [[330, 91, true], [532, 193, true], [330, 419, true], [189, 119, true]], "a": [[646, 309, true], [545, 273, true]], "c": [[277, 91, true], [576, 229, true], [416, 370, true], [157, 256, true]], "p1-1": [[336, 126, true], [394.078125, 138.15625, true], [413.625, 120.5, true], [423.609375, 93.09375, true], [453.0, 76.0, true], [501, 74, true], [714, 76, true]], "p2-1": [[336, 432, true], [506, 431, true], [477.4244384765625, 388.1430969238281, true], [427.34375, 364.8828125, true], [379.4752197265625, 344.3950500488281, true], [348.0, 307.0, true], [338, 264, true]], "Test": [[213, 160, true], [384, 174, true], [472, 336, true], [668, 194, true]], "A": [[340, 209, true], [483, 87, true], [597, 85, true], [594.5927977839335, 88.3296398891967, true], [592.0027700831024, 91.58171745152356, true], [589.2299168975069, 94.7562326869806, true], [586.2742382271468, 97.85318559556787, true], [583.1357340720223, 100.87257617728534, true], [579.814404432133, 103.81440443213296, true], [576.3102493074791, 106.6786703601108, true], [572.623268698061, 109.46537396121884, true], [568.7534626038782, 112.17451523545706, true], [564.7008310249307, 114.80609418282548, true], [560.4653739612188, 117.36011080332409, true], [556.0470914127424, 119.83656509695291, true], [551.4459833795014, 122.2354570637119, true], [546.6620498614958, 124.55678670360109, true], [541.6952908587258, 126.80055401662051, true], [536.5457063711912, 128.96675900277006, true], [531.213296398892, 131.05540166204986, true], [525.6980609418282, 133.06648199445982, true], [520.0, 135.0, true], [340, 134, true]]}