{"p2-2": [[853, 65, true], [683, 63, true, 0], [780, 67, false, 0], [802.796875, 108.96875, false, 0], [783.875, 204.75, false, 0], [763.265625, 300.15625, false, 0], [781.0, 341.0, false, 0], [855, 340, false, 0]], "p4-2": [[854, 258, true], [703, 256, true, 0], [711, 280, true, 0], [700, 308, true, 0], [681, 316, true, 0], [714, 339, true, 0]], "p1-2": [[854, 432, true], [490, 434, true, 0]], "p1-1": [[337, 128, true], [354.5, 112.91666666666667, true, 0], [375.6666666666667, 100.33333333333334, true, 0], [400.5, 90.25, true, 0], [429.0, 82.66666666666667, true, 0], [461.16666666666663, 77.58333333333334, true, 0], [497.0, 75.0, true, 0], [686, 76, true, 0]], "p3-3": [[338, 206, true], [381.67129629629636, 185.10648148148152, true, 0], [410.70370370370375, 161.51851851851856, true, 0], [431.125, 136.875, true, 0], [448.96296296296293, 112.81481481481482, true, 0], [470.2453703703703, 90.97685185185185, true, 0], [501.0, 73.0, true, 0], [682, 76, true, 0]], "p4-1": [[338, 336, true], [381.6296296296297, 325.95833333333337, true, 0], [411.3703703703705, 312.33333333333337, true, 0], [431.5, 297.375, true, 0], [446.2962962962963, 283.3333333333333, true, 0], [460.037037037037, 272.4583333333333, true, 0], [477.0, 267.0, true, 0], [477, 267, true, 0], [482.08333333333337, 259.3888888888889, true, 0], [484.6666666666667, 252.55555555555557, true, 0], [484.75, 246.5, true, 0], [482.33333333333337, 241.22222222222223, true, 0], [477.41666666666663, 236.72222222222223, true, 0], [470.0, 233.0, true, 0], [443, 228, true, 0], [458.81944444444457, 232.6157407407408, true, 0], [473.55555555555566, 230.59259259259264, true, 0], [486.125, 223.625, true, 0], [495.44444444444446, 213.40740740740742, true, 0], [500.43055555555554, 201.63425925925924, true, 0], [500.0, 190.0, true, 0], [470, 168, true, 0]]}
